"anon_execute","auth_uid_marker","authenticated_execute","classification","extension_member","has_dml","has_dynamic_sql","name","owner","public_execute","role_guard_marker","schema","search_path","service_role_execute","signature","tenant_scope_marker","trigger_only"
"False","False","False","SAFE","False","False","False","get_auth","supabase_admin","False","False","pgbouncer","search_path=""""","False","pgbouncer.get_auth(text)","False","False"
"False","False","True","NEEDS HARDENING","False","False","False","accept_lodging_booking","postgres","False","False","public","search_path=public, auth","True","accept_lodging_booking(uuid)","True","False"
"False","True","False","NEEDS HARDENING","False","True","False","accept_lodging_booking_unchecked","postgres","False","False","public","search_path=public","True","accept_lodging_booking_unchecked(uuid)","True","False"
"True","True","True","NEEDS HARDENING","False","True","False","accept_quote","postgres","True","False","public","search_path=public, auth","True","accept_quote(uuid)","True","False"
"False","False","True","NEEDS HARDENING","False","False","False","admin_analytics_summary","postgres","False","True","public","search_path=public, auth","True","admin_analytics_summary()","False","False"
"False","True","True","NEEDS HARDENING","False","False","False","admin_business_review_detail","postgres","False","True","public","search_path=public, auth","True","admin_business_review_detail(uuid)","True","False"
"False","True","True","NEEDS HARDENING","False","False","False","admin_business_review_queue","postgres","False","True","public","search_path=public, auth","True","admin_business_review_queue(text,text,text,integer,integer)","False","False"
"False","False","True","NEEDS HARDENING","False","False","False","admin_business_review_stats","postgres","False","True","public","search_path=public, auth","True","admin_business_review_stats()","False","False"
"False","True","True","NEEDS HARDENING","False","True","False","admin_delete_category","postgres","False","True","public","search_path=public, auth","True","admin_delete_category(uuid)","False","False"
"False","False","True","NEEDS HARDENING","False","False","False","admin_get_business_review","postgres","False","True","public","search_path=public, auth","True","admin_get_business_review(uuid)","True","False"
"False","True","True","NEEDS HARDENING","False","False","False","admin_list_business_reviews","postgres","False","True","public","search_path=public, auth","True","admin_list_business_reviews(text,text,text,integer,integer)","True","False"
"False","True","True","NEEDS HARDENING","False","False","False","admin_list_categories","postgres","False","True","public","search_path=public, auth","True","admin_list_categories()","False","False"
"False","True","True","NEEDS HARDENING","False","False","False","admin_list_users","postgres","False","True","public","search_path=public, auth","True","admin_list_users(integer,integer)","False","False"
"False","True","True","NEEDS HARDENING","False","True","False","admin_publish_business","postgres","False","True","public","search_path=public, auth","True","admin_publish_business(uuid)","True","False"
"False","True","True","NEEDS HARDENING","False","True","False","admin_reject_business","postgres","False","True","public","search_path=public, auth","True","admin_reject_business(uuid,text,boolean)","True","False"
"False","True","True","NEEDS HARDENING","False","True","False","admin_request_business_changes","postgres","False","True","public","search_path=public, auth","True","admin_request_business_changes(uuid,text)","True","False"
"False","True","True","NEEDS HARDENING","False","True","False","admin_restore_business","postgres","False","True","public","search_path=public, auth","True","admin_restore_business(uuid)","True","False"
"False","True","True","NEEDS HARDENING","False","False","False","admin_search_business_reviews","postgres","False","True","public","search_path=public, auth","True","admin_search_business_reviews(text,text,text,integer,integer)","False","False"
"False","True","True","NEEDS HARDENING","False","False","False","admin_search_users","postgres","False","True","public","search_path=pg_catalog","False","admin_search_users(integer,integer,text,text)","False","False"
"False","True","True","NEEDS HARDENING","False","True","False","admin_suspend_business","postgres","False","True","public","search_path=public, auth","True","admin_suspend_business(uuid,text)","True","False"
"False","True","True","NEEDS HARDENING","False","True","False","admin_update_whatsapp_settings","postgres","False","True","public","search_path=public, auth","True","admin_update_whatsapp_settings(text,boolean,boolean,boolean,boolean)","False","False"
"False","True","True","NEEDS HARDENING","False","True","False","admin_upsert_category","postgres","False","True","public","search_path=public, auth","True","admin_upsert_category(uuid,text,text,boolean)","False","False"
"True","False","True","NEEDS HARDENING","False","False","False","business_review_requirements","postgres","True","False","public","search_path=public","True","business_review_requirements(uuid)","True","False"
"True","False","True","NEEDS HARDENING","False","True","False","confirm_gastronomy_table_reservation","postgres","True","False","public","search_path=public","True","confirm_gastronomy_table_reservation(uuid)","True","False"
"True","False","True","NEEDS HARDENING","False","False","False","context_chat_participants","postgres","True","False","public","search_path=public, auth","True","context_chat_participants(text,uuid)","True","False"
"True","True","True","NEEDS HARDENING","False","False","False","conversation_list","postgres","True","False","public","search_path=public, auth","True","conversation_list()","True","False"
"True","True","True","NEEDS HARDENING","False","False","False","conversation_messages","postgres","True","False","public","search_path=public, auth","True","conversation_messages(uuid,integer,timestamp with time zone)","False","False"
"True","True","True","NEEDS HARDENING","False","True","False","create_business_draft","postgres","True","False","public","search_path=public, auth","True","create_business_draft(text,text)","True","False"
"True","True","True","NEEDS HARDENING","False","True","False","create_direct_service_request","postgres","True","False","public","search_path=public, auth","True","create_direct_service_request(uuid,uuid,uuid,text,text,text,date,uuid)","True","False"
"True","True","True","NEEDS HARDENING","False","True","False","create_direct_service_request","postgres","True","False","public","search_path=public, auth","True","create_direct_service_request(uuid,uuid,uuid,text,text,text,date)","True","False"
"True","True","True","NEEDS HARDENING","False","True","False","create_gastronomy_table_reservation","postgres","True","False","public","search_path=public","True","create_gastronomy_table_reservation(uuid,date,time without time zone,integer,text)","True","False"
"True","True","True","NEEDS HARDENING","False","True","False","create_lodging_booking","postgres","False","False","public","search_path=public","True","create_lodging_booking(uuid,date,date,integer,text)","True","False"
"True","True","True","NEEDS HARDENING","False","False","False","current_user_is_admin","postgres","True","True","public","search_path=public, auth","True","current_user_is_admin()","False","False"
"False","True","True","NEEDS HARDENING","False","False","False","current_user_is_provider","postgres","False","True","public","search_path=public, auth","True","current_user_is_provider()","True","False"
"True","False","True","SAFE","False","True","False","ensure_lodging_details","postgres","True","False","public","search_path=public","True","ensure_lodging_details()","True","True"
"True","True","True","NEEDS HARDENING","False","False","False","find_matching_businesses_for_request","postgres","True","True","public","search_path=public, auth","True","find_matching_businesses_for_request(uuid)","True","False"
"True","True","True","NEEDS HARDENING","False","True","False","get_or_create_context_conversation","postgres","True","True","public","search_path=public, auth","True","get_or_create_context_conversation(text,uuid)","True","False"
"True","False","True","SAFE","False","True","False","handle_new_auth_user","postgres","True","False","public","search_path=public, auth","True","handle_new_auth_user()","False","True"
"True","False","True","SAFE","False","True","False","handle_new_user","postgres","True","False","public","search_path=public","True","handle_new_user()","False","True"
"True","True","True","NEEDS HARDENING","False","False","False","is_admin","postgres","False","True","public","search_path=pg_catalog","True","is_admin()","False","False"
"True","True","True","NEEDS HARDENING","False","True","False","mark_all_notifications_read","postgres","True","False","public","search_path=public, auth","True","mark_all_notifications_read()","False","False"
"True","True","True","NEEDS HARDENING","False","True","False","mark_conversation_read","postgres","True","False","public","search_path=public, auth","True","mark_conversation_read(uuid)","False","False"
"True","True","True","NEEDS HARDENING","False","True","False","mark_notification_read","postgres","True","False","public","search_path=public, auth","True","mark_notification_read(uuid)","False","False"
"True","False","True","NEEDS HARDENING","False","False","False","my_manageable_business","postgres","True","False","public","search_path=public, auth","True","my_manageable_business(uuid)","True","False"
"True","True","True","NEEDS HARDENING","False","False","False","my_manageable_businesses","postgres","True","False","public","search_path=public, auth","True","my_manageable_businesses()","True","False"
"True","True","True","NEEDS HARDENING","False","False","False","notification_list","postgres","True","False","public","search_path=public, auth","True","notification_list()","False","False"
"False","False","False","SAFE","False","True","False","notify_admins_on_business_review","postgres","False","False","public","search_path=""""","True","notify_admins_on_business_review()","False","True"
"True","False","True","NEEDS HARDENING","False","True","False","notify_business_managers","postgres","True","False","public","search_path=public","True","notify_business_managers(uuid,text,text,text)","True","False"
"True","True","True","NEEDS HARDENING","False","True","False","provider_complete_operation","postgres","True","False","public","search_path=public, auth","True","provider_complete_operation(uuid)","True","False"
"False","True","True","NEEDS HARDENING","False","False","False","provider_request_contacts","postgres","False","False","public","search_path=public, auth","True","provider_request_contacts(uuid)","True","False"
"True","True","True","NEEDS HARDENING","False","True","False","provider_send_quote","postgres","True","False","public","search_path=public, auth","True","provider_send_quote(uuid,uuid,text,integer,timestamp with time zone)","True","False"
"True","True","True","NEEDS HARDENING","False","False","False","provider_service_request_queue","postgres","True","False","public","search_path=public, auth","True","provider_service_request_queue(uuid,text)","True","False"
"True","True","True","NEEDS HARDENING","False","True","False","provider_start_operation","postgres","True","False","public","search_path=public, auth","True","provider_start_operation(uuid)","True","False"
"True","True","True","NEEDS HARDENING","False","True","False","record_business_analytics_event","postgres","False","False","public","search_path=public, auth","True","record_business_analytics_event(uuid,text)","True","False"
"True","False","True","NEEDS HARDENING","False","True","False","record_business_review_event","postgres","True","False","public","search_path=public","True","record_business_review_event(uuid,text,uuid,text,text,text,jsonb)","True","False"
"True","False","True","SAFE","False","True","False","record_signup_consent","postgres","True","False","public","search_path=public","True","record_signup_consent()","False","True"
"True","False","True","SAFE","False","True","False","refresh_business_rating","postgres","True","False","public","search_path=public","True","refresh_business_rating()","True","True"
"True","False","True","NEEDS HARDENING","False","True","False","reject_gastronomy_table_reservation","postgres","True","False","public","search_path=public","True","reject_gastronomy_table_reservation(uuid)","True","False"
"False","False","True","NEEDS HARDENING","False","False","False","reject_lodging_booking","postgres","False","False","public","search_path=public, auth","True","reject_lodging_booking(uuid)","True","False"
"False","True","False","NEEDS HARDENING","False","True","False","reject_lodging_booking_unchecked","postgres","False","False","public","search_path=public","True","reject_lodging_booking_unchecked(uuid)","True","False"
"True","True","True","NEEDS HARDENING","False","True","False","reject_quote","postgres","True","False","public","search_path=public, auth","True","reject_quote(uuid)","False","False"
"True","True","True","NEEDS HARDENING","False","True","False","replace_manageable_business_coverage","postgres","True","False","public","search_path=public, auth","True","replace_manageable_business_coverage(uuid,uuid[])","True","False"
"True","True","True","NEEDS HARDENING","False","True","False","replace_manageable_business_hours","postgres","True","False","public","search_path=public, auth","True","replace_manageable_business_hours(uuid,jsonb)","True","False"
"True","True","True","NEEDS HARDENING","False","True","False","replace_manageable_business_services","postgres","True","False","public","search_path=public, auth","True","replace_manageable_business_services(uuid,jsonb)","True","False"
"True","False","True","NEEDS HARDENING","False","False","False","request_attachment_path_request_id","postgres","True","False","public","search_path=public, storage","True","request_attachment_path_request_id(text)","False","False"
"True","False","True","NEEDS HARDENING","False","False","False","request_is_visible_to_business","postgres","True","False","public","search_path=public","True","request_is_visible_to_business(uuid,uuid)","True","False"
"True","True","True","NEEDS HARDENING","False","False","False","review_whatsapp_details","postgres","False","False","public","search_path=public, auth","True","review_whatsapp_details(uuid)","True","False"
"True","True","True","NEEDS HARDENING","False","True","False","send_message","postgres","True","False","public","search_path=public, auth","True","send_message(uuid,text)","False","False"
"True","True","True","NEEDS HARDENING","False","True","False","submit_business_for_review","postgres","True","False","public","search_path=public, auth","True","submit_business_for_review(uuid)","True","False"
"True","False","True","NEEDS HARDENING","False","True","False","sync_context_conversation_members","postgres","True","False","public","search_path=public, auth","True","sync_context_conversation_members(uuid)","False","False"
"True","False","True","NEEDS HARDENING","False","False","False","unread_conversation_count","postgres","True","False","public","search_path=public, auth","True","unread_conversation_count()","False","False"
"True","True","True","NEEDS HARDENING","False","False","False","unread_notification_count","postgres","True","False","public","search_path=public, auth","True","unread_notification_count()","False","False"
"True","True","True","NEEDS HARDENING","False","True","False","update_business_draft","postgres","True","False","public","search_path=public, auth","True","update_business_draft(uuid,text,text,text,text,text,text,uuid,text,uuid[],jsonb,jsonb,jsonb)","True","False"
"True","True","True","NEEDS HARDENING","False","True","False","update_manageable_business_location","postgres","True","False","public","search_path=public, auth","True","update_manageable_business_location(uuid,text,uuid)","True","False"
"True","True","True","NEEDS HARDENING","False","True","False","update_manageable_business_profile","postgres","True","False","public","search_path=public, auth","True","update_manageable_business_profile(uuid,text,text,text,text,text,text,text)","True","False"
"True","True","True","NEEDS HARDENING","False","False","False","user_can_access_conversation","postgres","True","True","public","search_path=public, auth","True","user_can_access_conversation(uuid)","False","False"
"True","True","True","NEEDS HARDENING","False","False","False","user_can_access_service_request","postgres","True","True","public","search_path=public, auth","True","user_can_access_service_request(uuid)","True","False"
"True","True","True","NEEDS HARDENING","False","False","False","user_can_manage_business","postgres","True","False","public","search_path=public, auth","True","user_can_manage_business(uuid)","True","False"
"True","False","True","NEEDS HARDENING","False","False","False","user_can_manage_business_path","postgres","True","False","public","search_path=public, storage","True","user_can_manage_business_path(text)","True","False"
"True","True","True","NEEDS HARDENING","False","False","False","user_can_upload_request_attachment","postgres","True","False","public","search_path=public, auth","True","user_can_upload_request_attachment(uuid)","True","False"
"False","False","False","SAFE","True","True","False","create_secret","supabase_admin","False","False","vault","search_path=""""","True","vault.create_secret(text,text,text,uuid)","False","False"
"False","False","False","SAFE","True","True","False","update_secret","supabase_admin","False","False","vault","search_path=""""","True","vault.update_secret(uuid,text,text,text,uuid)","False","False"
