"FUNCTION","PURPOSE","CALLER","GRANTS","SEARCH_PATH","AUTH_CHECK","ROLE_CHECK","SCOPE_CHECK","DYNAMIC_SQL","RISK","STATUS"
"accept_lodging_booking(uuid)","accept lodging booking","authenticated API","anon=False; authenticated=True; service_role=True; PUBLIC=False","pg_catalog, public, auth, storage, pg_temp","False","False","True","False","authenticated request; scope enforced by JWT subject/business helper","SAFE"
"accept_lodging_booking_unchecked(uuid)","accept lodging booking unchecked","service_role","anon=False; authenticated=False; service_role=True; PUBLIC=False","pg_catalog, public, auth, storage, pg_temp","True","False","True","False","backend/internal execution","HARDENED"
"accept_quote(uuid)","accept quote","authenticated API","anon=False; authenticated=True; service_role=True; PUBLIC=False","pg_catalog, public, auth, storage, pg_temp","True","True","True","False","authenticated request; scope enforced by JWT subject/business helper","SAFE"
"account_session_allowed()","account session allowed","authenticated API","anon=False; authenticated=True; service_role=True; PUBLIC=False","pg_catalog, public, auth, storage, pg_temp","True","False","True","False","authenticated request; scope enforced by JWT subject/business helper","SAFE"
"admin_analytics_summary()","admin analytics summary","authenticated API","anon=False; authenticated=True; service_role=True; PUBLIC=False","pg_catalog, public, auth, storage, pg_temp","False","True","False","False","global authorization gate; authenticated execution requires explicit SuperAdmin session","HARDENED"
"admin_business_review_detail(uuid)","admin business review detail","authenticated API","anon=False; authenticated=True; service_role=True; PUBLIC=False","pg_catalog, public, auth, storage, pg_temp","True","True","True","False","global authorization gate; authenticated execution requires explicit SuperAdmin session","HARDENED"
"admin_business_review_queue(text,text,text,integer,integer)","admin business review queue","authenticated API","anon=False; authenticated=True; service_role=True; PUBLIC=False","pg_catalog, public, auth, storage, pg_temp","True","True","True","False","global authorization gate; authenticated execution requires explicit SuperAdmin session","HARDENED"
"admin_business_review_stats()","admin business review stats","authenticated API","anon=False; authenticated=True; service_role=True; PUBLIC=False","pg_catalog, public, auth, storage, pg_temp","False","True","False","False","global authorization gate; authenticated execution requires explicit SuperAdmin session","HARDENED"
"admin_change_user_role(uuid,text)","admin change user role","authenticated API","anon=False; authenticated=True; service_role=False; PUBLIC=False","pg_catalog, public, auth, storage, pg_temp","True","True","True","False","global authorization gate; authenticated execution requires explicit SuperAdmin session","HARDENED"
"admin_delete_category(uuid)","admin delete category","authenticated API","anon=False; authenticated=True; service_role=True; PUBLIC=False","pg_catalog, public, auth, storage, pg_temp","True","True","True","False","global authorization gate; authenticated execution requires explicit SuperAdmin session","HARDENED"
"admin_get_business_review(uuid)","admin get business review","authenticated API","anon=False; authenticated=True; service_role=True; PUBLIC=False","pg_catalog, public, auth, storage, pg_temp","False","True","False","False","global authorization gate; authenticated execution requires explicit SuperAdmin session","HARDENED"
"admin_list_business_reviews(text,text,text,integer,integer)","admin list business reviews","authenticated API","anon=False; authenticated=True; service_role=True; PUBLIC=False","pg_catalog, public, auth, storage, pg_temp","True","True","True","False","global authorization gate; authenticated execution requires explicit SuperAdmin session","HARDENED"
"admin_list_categories()","admin list categories","authenticated API","anon=False; authenticated=True; service_role=True; PUBLIC=False","pg_catalog, public, auth, storage, pg_temp","True","True","True","False","global authorization gate; authenticated execution requires explicit SuperAdmin session","HARDENED"
"admin_list_users(integer,integer)","admin list users","authenticated API","anon=False; authenticated=True; service_role=True; PUBLIC=False","pg_catalog, public, auth, storage, pg_temp","True","True","True","False","global authorization gate; authenticated execution requires explicit SuperAdmin session","HARDENED"
"admin_mark_user_deleted(uuid)","admin mark user deleted","authenticated API","anon=False; authenticated=True; service_role=False; PUBLIC=False","pg_catalog, public, auth, storage, pg_temp","True","True","True","True","global authorization gate; authenticated execution requires explicit SuperAdmin session","HARDENED"
"admin_publish_business(uuid)","admin publish business","authenticated API","anon=False; authenticated=True; service_role=True; PUBLIC=False","pg_catalog, public, auth, storage, pg_temp","True","True","True","False","global authorization gate; authenticated execution requires explicit SuperAdmin session","HARDENED"
"admin_reject_business(uuid,text,boolean)","admin reject business","authenticated API","anon=False; authenticated=True; service_role=True; PUBLIC=False","pg_catalog, public, auth, storage, pg_temp","True","True","True","False","global authorization gate; authenticated execution requires explicit SuperAdmin session","HARDENED"
"admin_request_business_changes(uuid,text)","admin request business changes","authenticated API","anon=False; authenticated=True; service_role=True; PUBLIC=False","pg_catalog, public, auth, storage, pg_temp","True","True","True","False","global authorization gate; authenticated execution requires explicit SuperAdmin session","HARDENED"
"admin_restore_business(uuid)","admin restore business","authenticated API","anon=False; authenticated=True; service_role=True; PUBLIC=False","pg_catalog, public, auth, storage, pg_temp","True","True","True","False","global authorization gate; authenticated execution requires explicit SuperAdmin session","HARDENED"
"admin_search_business_reviews(text,text,text,integer,integer)","admin search business reviews","authenticated API","anon=False; authenticated=True; service_role=True; PUBLIC=False","pg_catalog, public, auth, storage, pg_temp","True","True","True","False","global authorization gate; authenticated execution requires explicit SuperAdmin session","HARDENED"
"admin_search_users(integer,integer,text,text)","admin search users","authenticated API","anon=False; authenticated=True; service_role=False; PUBLIC=False","pg_catalog, public, auth, storage, pg_temp","True","True","True","False","global authorization gate; authenticated execution requires explicit SuperAdmin session","HARDENED"
"admin_search_users(integer,integer,text,text,text)","admin search users","authenticated API","anon=False; authenticated=True; service_role=False; PUBLIC=False","pg_catalog, public, auth, storage, pg_temp","True","True","True","False","global authorization gate; authenticated execution requires explicit SuperAdmin session","HARDENED"
"admin_set_account_suspension(uuid,boolean)","admin set account suspension","authenticated API","anon=False; authenticated=True; service_role=False; PUBLIC=False","pg_catalog, public, auth, storage, pg_temp","True","True","True","False","global authorization gate; authenticated execution requires explicit SuperAdmin session","HARDENED"
"admin_set_contact_message_status(uuid,text)","admin set contact message status","authenticated API","anon=False; authenticated=True; service_role=True; PUBLIC=False","pg_catalog, public, auth, storage, pg_temp","True","True","True","False","global authorization gate; authenticated execution requires explicit SuperAdmin session","HARDENED"
"admin_suspend_business(uuid,text)","admin suspend business","authenticated API","anon=False; authenticated=True; service_role=True; PUBLIC=False","pg_catalog, public, auth, storage, pg_temp","True","True","True","False","global authorization gate; authenticated execution requires explicit SuperAdmin session","HARDENED"
"admin_update_contact_channels(text,text)","admin update contact channels","authenticated API","anon=False; authenticated=True; service_role=True; PUBLIC=False","pg_catalog, public, auth, storage, pg_temp","True","True","True","False","global authorization gate; authenticated execution requires explicit SuperAdmin session","HARDENED"
"admin_update_notification_settings(boolean,boolean,boolean)","admin update notification settings","authenticated API","anon=False; authenticated=True; service_role=True; PUBLIC=False","pg_catalog, public, auth, storage, pg_temp","True","True","True","False","global authorization gate; authenticated execution requires explicit SuperAdmin session","HARDENED"
"admin_update_whatsapp_settings(text,boolean,boolean,boolean,boolean)","admin update whatsapp settings","authenticated API","anon=False; authenticated=True; service_role=True; PUBLIC=False","pg_catalog, public, auth, storage, pg_temp","True","True","True","False","global authorization gate; authenticated execution requires explicit SuperAdmin session","HARDENED"
"admin_upsert_category(uuid,text,text,boolean)","admin upsert category","authenticated API","anon=False; authenticated=True; service_role=True; PUBLIC=False","pg_catalog, public, auth, storage, pg_temp","True","True","True","False","global authorization gate; authenticated execution requires explicit SuperAdmin session","HARDENED"
"admin_user_mutations_ready()","admin user mutations ready","authenticated API","anon=False; authenticated=True; service_role=False; PUBLIC=False","pg_catalog, public, auth, storage, pg_temp","False","True","False","False","global authorization gate; authenticated execution requires explicit SuperAdmin session","HARDENED"
"audit_category_change()","audit category change","trigger","anon=False; authenticated=True; service_role=True; PUBLIC=False","pg_catalog, public, auth, storage, pg_temp","True","False","True","False","trigger-only operation","HARDENED"
"business_review_requirements(uuid)","business review requirements","authenticated API","anon=False; authenticated=True; service_role=True; PUBLIC=False","pg_catalog, public, auth, storage, pg_temp","False","True","True","False","authenticated request; scope enforced by JWT subject/business helper","SAFE"
"confirm_gastronomy_table_reservation(uuid)","confirm gastronomy table reservation","authenticated API","anon=False; authenticated=True; service_role=True; PUBLIC=False","pg_catalog, public, auth, storage, pg_temp","False","False","True","False","authenticated request; scope enforced by JWT subject/business helper","SAFE"
"context_chat_participants(text,uuid)","context chat participants","service_role","anon=False; authenticated=False; service_role=True; PUBLIC=False","pg_catalog, public, auth, storage, pg_temp","False","True","False","False","backend/internal execution","HARDENED"
"conversation_list()","conversation list","authenticated API","anon=False; authenticated=True; service_role=True; PUBLIC=False","pg_catalog, public, auth, storage, pg_temp","True","False","True","False","authenticated request; scope enforced by JWT subject/business helper","SAFE"
"conversation_messages(uuid,integer,timestamp with time zone)","conversation messages","authenticated API","anon=False; authenticated=True; service_role=True; PUBLIC=False","pg_catalog, public, auth, storage, pg_temp","True","False","True","False","authenticated request; scope enforced by JWT subject/business helper","SAFE"
"create_business_draft(text,text)","create business draft","authenticated API","anon=False; authenticated=True; service_role=True; PUBLIC=False","pg_catalog, public, auth, storage, pg_temp","True","True","True","False","authenticated request; scope enforced by JWT subject/business helper","SAFE"
"create_direct_service_request(uuid,uuid,uuid,text,text,text,date)","create direct service request","authenticated API","anon=False; authenticated=True; service_role=True; PUBLIC=False","pg_catalog, public, auth, storage, pg_temp","True","True","True","False","authenticated request; scope enforced by JWT subject/business helper","SAFE"
"create_direct_service_request(uuid,uuid,uuid,text,text,text,date,uuid)","create direct service request","authenticated API","anon=False; authenticated=True; service_role=True; PUBLIC=False","pg_catalog, public, auth, storage, pg_temp","True","True","True","False","authenticated request; scope enforced by JWT subject/business helper","SAFE"
"create_gastronomy_table_reservation(uuid,date,time without time zone,integer,text)","create gastronomy table reservation","authenticated API","anon=False; authenticated=True; service_role=True; PUBLIC=False","pg_catalog, public, auth, storage, pg_temp","True","False","True","False","authenticated request; scope enforced by JWT subject/business helper","SAFE"
"create_lodging_booking(uuid,date,date,integer,text)","create lodging booking","authenticated API","anon=False; authenticated=True; service_role=True; PUBLIC=False","pg_catalog, public, auth, storage, pg_temp","True","False","True","False","authenticated request; scope enforced by JWT subject/business helper","SAFE"
"current_user_is_admin()","current user is admin","authenticated API","anon=False; authenticated=True; service_role=True; PUBLIC=False","pg_catalog, public, auth, storage, pg_temp","True","True","True","False","global authorization gate; authenticated execution requires explicit SuperAdmin session","HARDENED"
"current_user_is_provider()","current user is provider","authenticated API","anon=False; authenticated=True; service_role=True; PUBLIC=False","pg_catalog, public, auth, storage, pg_temp","True","True","True","False","authenticated request; scope enforced by JWT subject/business helper","SAFE"
"end_super_admin_session()","end super admin session","authenticated API","anon=False; authenticated=True; service_role=False; PUBLIC=False","pg_catalog, public, auth, storage, pg_temp","True","True","True","False","global authorization gate; authenticated execution requires explicit SuperAdmin session","HARDENED"
"ensure_lodging_details()","ensure lodging details","trigger","anon=False; authenticated=True; service_role=True; PUBLIC=False","pg_catalog, public, auth, storage, pg_temp","False","False","False","False","trigger-only operation","HARDENED"
"find_matching_businesses_for_request(uuid)","find matching businesses for request","authenticated API","anon=False; authenticated=True; service_role=True; PUBLIC=False","pg_catalog, public, auth, storage, pg_temp","True","True","True","False","authenticated request; scope enforced by JWT subject/business helper","SAFE"
"get_or_create_context_conversation(text,uuid)","get or create context conversation","authenticated API","anon=False; authenticated=True; service_role=True; PUBLIC=False","pg_catalog, public, auth, storage, pg_temp","True","True","True","False","authenticated request; scope enforced by JWT subject/business helper","SAFE"
"handle_new_auth_user()","handle new auth user","trigger","anon=False; authenticated=True; service_role=True; PUBLIC=False","pg_catalog, public, auth, storage, pg_temp","False","True","False","False","trigger-only operation","HARDENED"
"handle_new_user()","handle new user","trigger","anon=False; authenticated=True; service_role=True; PUBLIC=False","pg_catalog, public, auth, storage, pg_temp","False","True","False","False","trigger-only operation","HARDENED"
"is_admin()","is admin","public/API","anon=True; authenticated=True; service_role=True; PUBLIC=False","pg_catalog, public, auth, storage, pg_temp","False","True","False","False","global authorization gate; authenticated execution requires explicit SuperAdmin session","HARDENED"
"is_business_admin(uuid)","is business admin","authenticated API","anon=False; authenticated=True; service_role=False; PUBLIC=False","pg_catalog, public, auth, storage, pg_temp","True","True","True","False","authenticated request; scope enforced by JWT subject/business helper","SAFE"
"is_business_owner(uuid)","is business owner","authenticated API","anon=False; authenticated=True; service_role=False; PUBLIC=False","pg_catalog, public, auth, storage, pg_temp","True","True","True","False","authenticated request; scope enforced by JWT subject/business helper","SAFE"
"is_super_admin()","is super admin","authenticated API","anon=False; authenticated=True; service_role=True; PUBLIC=False","pg_catalog, public, auth, storage, pg_temp","True","True","True","False","global authorization gate; authenticated execution requires explicit SuperAdmin session","HARDENED"
"mark_all_notifications_read()","mark all notifications read","authenticated API","anon=False; authenticated=True; service_role=True; PUBLIC=False","pg_catalog, public, auth, storage, pg_temp","True","False","True","False","authenticated request; scope enforced by JWT subject/business helper","SAFE"
"mark_conversation_read(uuid)","mark conversation read","authenticated API","anon=False; authenticated=True; service_role=True; PUBLIC=False","pg_catalog, public, auth, storage, pg_temp","True","False","True","False","authenticated request; scope enforced by JWT subject/business helper","SAFE"
"mark_notification_read(uuid)","mark notification read","authenticated API","anon=False; authenticated=True; service_role=True; PUBLIC=False","pg_catalog, public, auth, storage, pg_temp","True","False","True","False","authenticated request; scope enforced by JWT subject/business helper","SAFE"
"my_manageable_business(uuid)","my manageable business","authenticated API","anon=False; authenticated=True; service_role=True; PUBLIC=False","pg_catalog, public, auth, storage, pg_temp","False","False","False","False","public or user-scoped endpoint with constrained output/input","SAFE"
"my_manageable_businesses()","my manageable businesses","authenticated API","anon=False; authenticated=True; service_role=True; PUBLIC=False","pg_catalog, public, auth, storage, pg_temp","True","True","True","False","authenticated request; scope enforced by JWT subject/business helper","SAFE"
"notification_list()","notification list","authenticated API","anon=False; authenticated=True; service_role=True; PUBLIC=False","pg_catalog, public, auth, storage, pg_temp","True","False","True","False","authenticated request; scope enforced by JWT subject/business helper","SAFE"
"notify_admins_on_business_review()","notify admins on business review","trigger","anon=False; authenticated=False; service_role=True; PUBLIC=False","pg_catalog, public, auth, storage, pg_temp","False","True","False","False","trigger-only operation","HARDENED"
"notify_admins_on_contact_message()","notify admins on contact message","trigger","anon=False; authenticated=False; service_role=True; PUBLIC=False","pg_catalog, public, auth, storage, pg_temp","False","True","False","False","trigger-only operation","HARDENED"
"notify_business_managers(uuid,text,text,text)","notify business managers","service_role","anon=False; authenticated=False; service_role=True; PUBLIC=False","pg_catalog, public, auth, storage, pg_temp","False","True","False","False","backend/internal execution","HARDENED"
"notify_lodging_booking_activity()","notify lodging booking activity","trigger","anon=False; authenticated=True; service_role=True; PUBLIC=False","pg_catalog, public, auth, storage, pg_temp","False","True","False","False","trigger-only operation","HARDENED"
"notify_service_request_activity()","notify service request activity","trigger","anon=False; authenticated=True; service_role=True; PUBLIC=False","pg_catalog, public, auth, storage, pg_temp","False","True","True","False","trigger-only operation","HARDENED"
"notify_table_reservation_activity()","notify table reservation activity","trigger","anon=False; authenticated=True; service_role=True; PUBLIC=False","pg_catalog, public, auth, storage, pg_temp","False","True","False","False","trigger-only operation","HARDENED"
"provider_complete_operation(uuid)","provider complete operation","authenticated API","anon=False; authenticated=True; service_role=True; PUBLIC=False","pg_catalog, public, auth, storage, pg_temp","True","False","True","False","authenticated request; scope enforced by JWT subject/business helper","SAFE"
"provider_request_contacts(uuid)","provider request contacts","authenticated API","anon=False; authenticated=True; service_role=True; PUBLIC=False","pg_catalog, public, auth, storage, pg_temp","True","False","True","False","authenticated request; scope enforced by JWT subject/business helper","SAFE"
"provider_send_quote(uuid,uuid,text,integer,timestamp with time zone)","provider send quote","authenticated API","anon=False; authenticated=True; service_role=True; PUBLIC=False","pg_catalog, public, auth, storage, pg_temp","True","False","True","False","authenticated request; scope enforced by JWT subject/business helper","SAFE"
"provider_service_request_queue(uuid,text)","provider service request queue","authenticated API","anon=False; authenticated=True; service_role=True; PUBLIC=False","pg_catalog, public, auth, storage, pg_temp","True","False","True","False","authenticated request; scope enforced by JWT subject/business helper","SAFE"
"provider_start_operation(uuid)","provider start operation","authenticated API","anon=False; authenticated=True; service_role=True; PUBLIC=False","pg_catalog, public, auth, storage, pg_temp","True","False","True","False","authenticated request; scope enforced by JWT subject/business helper","SAFE"
"public_contact_channels()","public contact channels","public/API","anon=True; authenticated=True; service_role=True; PUBLIC=False","pg_catalog, public, auth, storage, pg_temp","False","False","False","False","public or user-scoped endpoint with constrained output/input","SAFE"
"reconcile_provider_role_candidates()","reconcile provider role candidates","internal/owner","anon=False; authenticated=False; service_role=False; PUBLIC=False","pg_catalog, public, auth, storage, pg_temp","False","True","False","False","migration-only reconciliation helper; owner-only; invoked by migration 20261005006000","OBSOLETE"
"record_business_analytics_event(uuid,text)","record business analytics event","public/API","anon=True; authenticated=True; service_role=True; PUBLIC=False","pg_catalog, public, auth, storage, pg_temp","True","False","True","False","public or user-scoped endpoint with constrained output/input","SAFE"
"record_business_review_event(uuid,text,uuid,text,text,text,jsonb)","record business review event","service_role","anon=False; authenticated=False; service_role=True; PUBLIC=False","pg_catalog, public, auth, storage, pg_temp","False","False","False","False","backend/internal execution","HARDENED"
"record_signup_consent()","record signup consent","trigger","anon=False; authenticated=True; service_role=True; PUBLIC=False","pg_catalog, public, auth, storage, pg_temp","False","False","False","False","trigger-only operation","HARDENED"
"refresh_business_rating()","refresh business rating","trigger","anon=False; authenticated=True; service_role=True; PUBLIC=False","pg_catalog, public, auth, storage, pg_temp","False","False","False","False","trigger-only operation","HARDENED"
"register_provider_identity()","register provider identity","authenticated API","anon=False; authenticated=True; service_role=False; PUBLIC=False","pg_catalog, public, auth, storage, pg_temp","True","True","True","False","authenticated request; scope enforced by JWT subject/business helper","SAFE"
"reject_gastronomy_table_reservation(uuid)","reject gastronomy table reservation","authenticated API","anon=False; authenticated=True; service_role=True; PUBLIC=False","pg_catalog, public, auth, storage, pg_temp","False","False","True","False","authenticated request; scope enforced by JWT subject/business helper","SAFE"
"reject_lodging_booking(uuid)","reject lodging booking","authenticated API","anon=False; authenticated=True; service_role=True; PUBLIC=False","pg_catalog, public, auth, storage, pg_temp","False","False","True","False","authenticated request; scope enforced by JWT subject/business helper","SAFE"
"reject_lodging_booking_unchecked(uuid)","reject lodging booking unchecked","service_role","anon=False; authenticated=False; service_role=True; PUBLIC=False","pg_catalog, public, auth, storage, pg_temp","True","False","True","False","backend/internal execution","HARDENED"
"reject_quote(uuid)","reject quote","authenticated API","anon=False; authenticated=True; service_role=True; PUBLIC=False","pg_catalog, public, auth, storage, pg_temp","True","False","True","False","authenticated request; scope enforced by JWT subject/business helper","SAFE"
"reject_suspended_api_request()","reject suspended api request","public/API","anon=True; authenticated=True; service_role=True; PUBLIC=False","pg_catalog, public, auth, storage, pg_temp","False","False","False","False","public or user-scoped endpoint with constrained output/input","SAFE"
"replace_manageable_business_coverage(uuid,uuid[])","replace manageable business coverage","authenticated API","anon=False; authenticated=True; service_role=True; PUBLIC=False","pg_catalog, public, auth, storage, pg_temp","True","False","True","False","authenticated request; scope enforced by JWT subject/business helper","SAFE"
"replace_manageable_business_hours(uuid,jsonb)","replace manageable business hours","authenticated API","anon=False; authenticated=True; service_role=True; PUBLIC=False","pg_catalog, public, auth, storage, pg_temp","True","False","True","False","authenticated request; scope enforced by JWT subject/business helper","SAFE"
"replace_manageable_business_services(uuid,jsonb)","replace manageable business services","authenticated API","anon=False; authenticated=True; service_role=True; PUBLIC=False","pg_catalog, public, auth, storage, pg_temp","True","False","True","False","authenticated request; scope enforced by JWT subject/business helper","SAFE"
"request_attachment_path_request_id(text)","request attachment path request id","authenticated API","anon=False; authenticated=True; service_role=True; PUBLIC=False","pg_catalog, public, auth, storage, pg_temp","False","False","False","False","public or user-scoped endpoint with constrained output/input","SAFE"
"request_is_visible_to_business(uuid,uuid)","request is visible to business","service_role","anon=False; authenticated=False; service_role=True; PUBLIC=False","pg_catalog, public, auth, storage, pg_temp","False","False","False","False","backend/internal execution","HARDENED"
"review_whatsapp_details(uuid)","review whatsapp details","authenticated API","anon=False; authenticated=True; service_role=True; PUBLIC=False","pg_catalog, public, auth, storage, pg_temp","True","False","True","False","authenticated request; scope enforced by JWT subject/business helper","SAFE"
"send_message(uuid,text)","send message","authenticated API","anon=False; authenticated=True; service_role=True; PUBLIC=False","pg_catalog, public, auth, storage, pg_temp","True","False","True","False","authenticated request; scope enforced by JWT subject/business helper","SAFE"
"start_super_admin_session(text,integer)","start super admin session","authenticated API","anon=False; authenticated=True; service_role=False; PUBLIC=False","pg_catalog, public, auth, storage, pg_temp","True","True","True","False","global authorization gate; authenticated execution requires explicit SuperAdmin session","HARDENED"
"submit_business_for_review(uuid)","submit business for review","authenticated API","anon=False; authenticated=True; service_role=True; PUBLIC=False","pg_catalog, public, auth, storage, pg_temp","True","False","True","False","authenticated request; scope enforced by JWT subject/business helper","SAFE"
"submit_contact_message_with_controls(text,text,text,text,uuid,uuid,text,text,text,text)","submit contact message with controls","service_role","anon=False; authenticated=False; service_role=True; PUBLIC=False","pg_catalog, public, auth, storage, pg_temp","False","False","False","False","backend/internal execution","HARDENED"
"sync_context_conversation_members(uuid)","sync context conversation members","service_role","anon=False; authenticated=False; service_role=True; PUBLIC=False","pg_catalog, public, auth, storage, pg_temp","False","True","False","False","backend/internal execution","HARDENED"
"unread_conversation_count()","unread conversation count","authenticated API","anon=False; authenticated=True; service_role=True; PUBLIC=False","pg_catalog, public, auth, storage, pg_temp","False","False","False","False","public or user-scoped endpoint with constrained output/input","SAFE"
"unread_notification_count()","unread notification count","authenticated API","anon=False; authenticated=True; service_role=True; PUBLIC=False","pg_catalog, public, auth, storage, pg_temp","True","False","True","False","authenticated request; scope enforced by JWT subject/business helper","SAFE"
"update_business_draft(uuid,text,text,text,text,text,text,uuid,text,uuid[],jsonb,jsonb,jsonb)","update business draft","authenticated API","anon=False; authenticated=True; service_role=True; PUBLIC=False","pg_catalog, public, auth, storage, pg_temp","True","False","True","False","authenticated request; scope enforced by JWT subject/business helper","SAFE"
"update_manageable_business_location(uuid,text,uuid)","update manageable business location","authenticated API","anon=False; authenticated=True; service_role=True; PUBLIC=False","pg_catalog, public, auth, storage, pg_temp","True","False","True","False","authenticated request; scope enforced by JWT subject/business helper","SAFE"
"update_manageable_business_profile(uuid,text,text,text,text,text,text,text)","update manageable business profile","authenticated API","anon=False; authenticated=True; service_role=True; PUBLIC=False","pg_catalog, public, auth, storage, pg_temp","True","False","True","False","authenticated request; scope enforced by JWT subject/business helper","SAFE"
"user_can_access_conversation(uuid)","user can access conversation","authenticated API","anon=False; authenticated=True; service_role=True; PUBLIC=False","pg_catalog, public, auth, storage, pg_temp","True","True","True","False","authenticated request; scope enforced by JWT subject/business helper","SAFE"
"user_can_access_service_request(uuid)","user can access service request","authenticated API","anon=False; authenticated=True; service_role=True; PUBLIC=False","pg_catalog, public, auth, storage, pg_temp","True","True","True","False","authenticated request; scope enforced by JWT subject/business helper","SAFE"
"user_can_manage_business(uuid)","user can manage business","public/API","anon=True; authenticated=True; service_role=True; PUBLIC=False","pg_catalog, public, auth, storage, pg_temp","False","False","True","False","public or user-scoped endpoint with constrained output/input","SAFE"
"user_can_manage_business_path(text)","user can manage business path","public/API","anon=True; authenticated=True; service_role=True; PUBLIC=False","pg_catalog, public, auth, storage, pg_temp","False","False","True","False","public or user-scoped endpoint with constrained output/input","SAFE"
"user_can_upload_request_attachment(uuid)","user can upload request attachment","authenticated API","anon=False; authenticated=True; service_role=True; PUBLIC=False","pg_catalog, public, auth, storage, pg_temp","True","True","True","False","authenticated request; scope enforced by JWT subject/business helper","SAFE"
